year,stateabbr,solar_capacity,total_capacity
1990,AL,0.0,21802.2
1991,AL,0.0,22047.42
1992,AL,0.0,22050.02
1993,AL,0.0,22245.2
1994,AL,0.0,22386.32
1995,AL,0.0,22823.59
1996,AL,0.0,23303.13
1997,AL,0.0,23383.88
1998,AL,0.0,23715.28
1999,AL,0.0,24019.8
2000,AL,0.0,25307.0
2001,AL,0.0,25428.0
2002,AL,0.0,28577.0
2003,AL,0.0,32831.0
2004,AL,0.0,33248.0
2005,AL,0.0,33228.0
2006,AL,0.0,33228.0
2007,AL,0.0,33230.0
2008,AL,0.0,33936.0
2009,AL,0.0,34021.0
2010,AL,0.0,35288.0
2011,AL,0.0,35506.4
2012,AL,0.0,35493.5
2013,AL,0.0,35101.7
2014,AL,0.0,34495.4
2015,AL,0.0,32848.5
2016,AL,75.0,31278.9
2017,AL,182.2,31453.8
2018,AL,196.9,31681.1
2019,AL,196.9,30461.3
2020,AL,196.9,29931.3
2021,AL,423.9,30228.4
2022,AL,423.9,30514.9
1990,AK,0.0,2070.01
1991,AK,0.0,2046.98
1992,AK,0.0,2184.04
1993,AK,0.0,2223.64
1994,AK,0.0,2253.22
1995,AK,0.0,2236.6
1996,AK,0.0,2239.66
1997,AK,0.0,2257.23
1998,AK,0.0,2257.35
1999,AK,0.0,2258.2
2000,AK,0.0,2328.0
2001,AK,0.0,2278.0
2002,AK,0.0,2244.0
2003,AK,0.0,2126.0
2004,AK,0.0,2016.0
2005,AK,0.0,2035.0
2006,AK,0.0,2049.0
2007,AK,0.0,2163.0
2008,AK,0.0,2190.0
2009,AK,0.0,2212.0
2010,AK,0.0,2261.0
2011,AK,0.0,2261.2
2012,AK,0.0,2322.1
2013,AK,0.0,2589.8
2014,AK,0.0,2702.2
2015,AK,0.0,2806.8
2016,AK,0.0,3010.3
2017,AK,0.0,3020.4
2018,AK,0.0,3015.6
2019,AK,0.0,3031.3
2020,AK,0.0,3032.6
2021,AK,0.8,3040.4
2022,AK,0.8,3077.1
1990,AZ,0.0,16605.55
1991,AZ,0.0,16596.88
1992,AZ,0.0,16714.88
1993,AZ,0.0,16738.31
1994,AZ,0.0,16857.7
1995,AZ,0.0,16862.5
1996,AZ,0.0,16806.38
1997,AZ,0.2,16814.38
1998,AZ,0.16,16728.5
1999,AZ,0.57,16724.05
2000,AZ,1.0,16697.0
2001,AZ,1.0,18347.0
2002,AZ,1.0,21531.0
2003,AZ,8.0,26187.0
2004,AZ,8.0,27259.0
2005,AZ,9.0,28007.0
2006,AZ,9.0,28741.0
2007,AZ,9.0,28730.0
2008,AZ,9.0,29034.0
2009,AZ,11.0,29548.0
2010,AZ,21.0,29623.0
2011,AZ,131.2,30472.6
2012,AZ,648.8,31233.2
2013,AZ,1164.4,31520.9
2014,AZ,1402.6,31759.4
2015,AZ,1515.6,31578.0
2016,AZ,1889.5,31952.5
2017,AZ,2058.6,32141.6
2018,AZ,2067.3,32162.3
2019,AZ,2158.0,30320.3
2020,AZ,2411.9,30601.4
2021,AZ,2810.8,31004.3
2022,AZ,3026.8,31308.8
1990,AR,0.0,10204.92
1991,AR,0.0,10307.27
1992,AR,0.0,10309.98
1993,AR,0.0,10346.38
1994,AR,0.0,10347.98
1995,AR,0.0,10313.48
1996,AR,0.0,10270.78
1997,AR,0.0,10228.61
1998,AR,0.0,10294.28
1999,AR,0.0,10220.97
2000,AR,0.0,10174.0
2001,AR,0.0,10622.0
2002,AR,0.0,11916.0
2003,AR,0.0,14472.0
2004,AR,0.0,14472.0
2005,AR,0.0,14967.0
2006,AR,0.0,15377.0
2007,AR,0.0,16462.0
2008,AR,0.0,16461.0
2009,AR,0.0,16474.0
2010,AR,0.0,17242.0
2011,AR,0.0,17215.1
2012,AR,0.0,18022.9
2013,AR,0.0,16357.7
2014,AR,0.0,16357.7
2015,AR,12.0,16366.2
2016,AR,13.0,16341.8
2017,AR,19.0,16332.8
2018,AR,100.0,16413.8
2019,AR,112.2,16368.2
2020,AR,213.7,16469.7
2021,AR,223.7,16461.7
2022,AR,329.7,16572.1
1990,CA,363.2,55025.84
1991,CA,363.2,55293.64
1992,CA,363.2,55284.19
1993,CA,364.2,56054.06
1994,CA,357.4,55250.53
1995,CA,357.4,55288.23
1996,CA,357.5,55965.47
1997,CA,357.5,55711.85
1998,CA,357.5,54488.82
1999,CA,412.97,54460.14
2000,CA,413.0,54574.0
2001,CA,412.0,57556.0
2002,CA,412.0,59546.0
2003,CA,396.0,62059.0
2004,CA,396.0,62225.0
2005,CA,402.0,66105.0
2006,CA,402.0,67785.0
2007,CA,404.0,68522.0
2008,CA,418.0,68695.0
2009,CA,458.0,70933.0
2010,CA,483.0,72570.0
2011,CA,625.9,73378.4
2012,CA,1185.6,76327.0
2013,CA,3399.8,78999.1
2014,CA,5829.2,79794.6
2015,CA,7056.9,79949.3
2016,CA,9562.2,81807.3
2017,CA,10457.5,81277.4
2018,CA,11837.6,81292.3
2019,CA,12795.4,80756.4
2020,CA,14473.4,83234.1
2021,CA,15449.6,86173.2
2022,CA,17691.6,91052.9
1990,CO,0.0,7038.55
1991,CO,0.0,7033.65
1992,CO,0.0,7112.22
1993,CO,0.0,7126.78
1994,CO,0.0,7511.42
1995,CO,0.0,7481.32
1996,CO,0.0,7675.58
1997,CO,0.0,7755.66
1998,CO,0.0,8116.77
1999,CO,0.0,8412.47
2000,CO,0.0,8898.0
2001,CO,0.0,9356.0
2002,CO,0.0,10169.0
2003,CO,0.0,11594.0
2004,CO,0.0,12475.0
2005,CO,0.0,12491.0
2006,CO,0.0,12549.0
2007,CO,8.0,13735.0
2008,CO,12.0,14178.0
2009,CO,15.0,14744.0
2010,CO,43.0,15578.0
2011,CO,87.0,15876.2
2012,CO,116.8,16674.3
2013,CO,121.8,16504.8
2014,CO,129.6,16709.5
2015,CO,194.0,17528.7
2016,CO,419.4,17838.5
2017,CO,462.1,17769.3
2018,CO,532.6,18403.8
2019,CO,607.9,18386.5
2020,CO,682.2,19417.1
2021,CO,1060.9,20104.9
2022,CO,1303.4,19821.3
1990,CT,0.0,8031.88
1991,CT,0.0,7984.77
1992,CT,0.0,7952.65
1993,CT,0.0,7724.84
1994,CT,0.0,7734.14
1995,CT,0.0,7786.95
1996,CT,0.0,7372.19
1997,CT,0.0,7332.44
1998,CT,0.0,6997.89
1999,CT,0.0,7517.72
2000,CT,0.0,6932.0
2001,CT,0.0,8440.0
2002,CT,0.0,8127.0
2003,CT,0.0,8237.0
2004,CT,0.0,8694.0
2005,CT,0.0,8739.0
2006,CT,0.0,8681.0
2007,CT,0.0,8561.0
2008,CT,0.0,8604.0
2009,CT,0.0,8714.0
2010,CT,0.0,8990.0
2011,CT,0.0,9865.4
2012,CT,0.0,10056.2
2013,CT,5.0,9787.0
2014,CT,10.0,9667.3
2015,CT,10.0,9616.6
2016,CT,25.2,9652.4
2017,CT,33.8,9663.6
2018,CT,86.1,10647.7
2019,CT,135.9,11277.5
2020,CT,161.5,11284.9
2021,CT,245.8,10884.4
2022,CT,273.4,10849.8
1990,DE,0.0,2327.12
1991,DE,0.0,2440.8
1992,DE,0.0,2300.8
1993,DE,0.0,2473.62
1994,DE,0.0,2473.62
1995,DE,0.0,2473.62
1996,DE,0.0,2479.92
1997,DE,0.0,2468.33
1998,DE,0.0,2468.33
1999,DE,0.0,2463.83
2000,DE,0.0,2602.0
2001,DE,0.0,2591.0
2002,DE,0.0,3528.0
2003,DE,0.0,3624.0
2004,DE,0.0,3612.0
2005,DE,0.0,3520.0
2006,DE,0.0,3527.0
2007,DE,0.0,3525.0
2008,DE,0.0,3525.0
2009,DE,0.0,3511.0
2010,DE,0.0,3514.0
2011,DE,12.5,3526.0
2012,DE,24.3,3575.4
2013,DE,28.3,3437.4
2014,DE,29.6,3266.1
2015,DE,30.8,3628.3
2016,DE,30.8,3628.3
2017,DE,32.0,3591.9
2018,DE,33.4,3593.3
2019,DE,36.8,3595.5
2020,DE,36.8,3595.5
2021,DE,38.1,3485.2
2022,DE,89.6,3441.0
1990,FL,0.0,37718.36
1991,FL,0.0,37760.93
1992,FL,0.0,39088.06
1993,FL,0.0,41750.71
1994,FL,0.0,43029.84
1995,FL,0.0,43814.42
1996,FL,0.0,44883.57
1997,FL,0.0,44367.59
1998,FL,0.0,44478.18
1999,FL,0.0,44980.59
2000,FL,0.0,45684.0
2001,FL,0.0,47483.0
2002,FL,0.0,52804.0
2003,FL,0.0,55977.0
2004,FL,0.0,57511.0
2005,FL,0.0,60535.0
2006,FL,0.0,60701.0
2007,FL,0.0,63145.0
2008,FL,0.0,63318.0
2009,FL,25.0,67343.0
2010,FL,125.0,67780.0
2011,FL,67.1,68425.1
2012,FL,67.7,68232.3
2013,FL,68.9,67605.1
2014,FL,75.1,68114.8
2015,FL,84.6,67136.1
2016,FL,330.6,66705.4
2017,FL,517.7,67334.3
2018,FL,1401.6,64615.0
2019,FL,2145.0,66732.3
2020,FL,3785.1,67869.0
2021,FL,4953.0,70450.9
2022,FL,5995.9,72993.7
1990,GA,0.0,22301.69
1991,GA,0.0,23947.31
1992,GA,0.0,24276.61
1993,GA,0.0,24228.05
1994,GA,0.0,25143.51
1995,GA,0.0,25948.83
1996,GA,0.0,25693.28
1997,GA,0.0,26492.08
1998,GA,0.0,26487.03
1999,GA,0.0,26666.23
2000,GA,0.0,29427.0
2001,GA,0.0,31605.0
2002,GA,0.0,37176.0
2003,GA,0.0,37626.0
2004,GA,0.0,38498.0
2005,GA,0.0,39792.0
2006,GA,0.0,39758.0
2007,GA,0.0,39767.0
2008,GA,0.0,39641.0
2009,GA,0.0,39639.0
2010,GA,0.0,39665.0
2011,GA,0.0,40208.1
2012,GA,3.2,41554.1
2013,GA,61.1,41265.3
2014,GA,68.6,41272.4
2015,GA,241.2,39045.2
2016,GA,978.1,39753.0
2017,GA,985.9,39829.7
2018,GA,1026.2,39657.4
2019,GA,1525.1,39674.8
2020,GA,2207.7,40353.8
2021,GA,3080.0,41267.4
2022,GA,3642.9,39008.8
1990,HI,0.0,1976.4
1991,HI,0.0,2187.26
1992,HI,0.0,2483.51
1993,HI,0.0,2505.01
1994,HI,0.0,2498.11
1995,HI,0.0,2491.19
1996,HI,0.0,2499.61
1997,HI,0.0,2471.44
1998,HI,0.0,2482.14
1999,HI,0.0,2472.69
2000,HI,0.0,2556.0
2001,HI,0.0,2552.0
2002,HI,0.0,2509.0
2003,HI,0.0,2508.0
2004,HI,0.0,2573.0
2005,HI,0.0,2589.0
2006,HI,0.0,2648.0
2007,HI,0.0,2674.0
2008,HI,1.0,2675.0
2009,HI,1.0,2805.0
2010,HI,2.0,2776.0
2011,HI,2.2,2809.5
2012,HI,7.2,2981.8
2013,HI,15.2,3008.4
2014,HI,32.2,2917.0
2015,HI,44.2,2921.0
2016,HI,50.7,2893.1
2017,HI,98.3,2966.7
2018,HI,124.1,3061.4
2019,HI,268.4,3212.2
2020,HI,285.0,3246.4
2021,HI,288.9,3265.2
2022,HI,327.9,3134.2
1990,ID,0.0,2397.02
1991,ID,0.0,2438.37
1992,ID,0.0,2535.83
1993,ID,0.0,2517.28
1994,ID,0.0,2752.0
1995,ID,0.0,2814.54
1996,ID,0.0,2830.94
1997,ID,0.0,2855.15
1998,ID,0.0,2853.75
1999,ID,0.0,2847.92
2000,ID,0.0,2850.0
2001,ID,0.0,3286.0
2002,ID,0.0,3307.0
2003,ID,0.0,3327.0
2004,ID,0.0,3329.0
2005,ID,0.0,3459.0
2006,ID,0.0,3526.0
2007,ID,0.0,3518.0
2008,ID,0.0,3751.0
2009,ID,0.0,3785.0
2010,ID,0.0,4013.0
2011,ID,0.0,4278.3
2012,ID,0.0,4961.5
2013,ID,0.0,4972.5
2014,ID,0.0,4978.1
2015,ID,0.0,4983.7
2016,ID,120.0,5090.7
2017,ID,240.0,5198.6
2018,ID,240.0,5344.4
2019,ID,242.0,5346.1
2020,ID,242.0,5346.9
2021,ID,242.0,5349.3
2022,ID,362.0,5465.2
1990,IL,0.0,37515.67
1991,IL,0.0,37531.91
1992,IL,0.0,37547.32
1993,IL,0.0,37605.8
1994,IL,0.0,37646.87
1995,IL,0.0,37761.92
1996,IL,0.0,37817.96
1997,IL,0.0,38132.21
1998,IL,0.0,35881.85
1999,IL,0.0,37483.67
2000,IL,0.0,39501.0
2001,IL,0.0,44757.0
2002,IL,0.0,49863.0
2003,IL,0.0,51083.0
2004,IL,0.0,47696.0
2005,IL,0.0,48155.0
2006,IL,0.0,48176.0
2007,IL,0.0,48654.0
2008,IL,0.0,48980.0
2009,IL,9.0,50053.0
2010,IL,9.0,50092.0
2011,IL,9.0,49739.4
2012,IL,29.0,51141.5
2013,IL,31.6,50891.3
2014,IL,31.9,50606.9
2015,IL,33.1,51603.8
2016,IL,33.1,50817.3
2017,IL,35.1,50950.3
2018,IL,40.9,51292.5
2019,IL,44.4,49438.7
2020,IL,120.2,49581.2
2021,IL,647.3,50967.3
2022,IL,899.3,48977.3
1990,IN,0.0,23675.34
1991,IN,0.0,23843.71
1992,IN,0.0,23931.02
1993,IN,0.0,24034.27
1994,IN,0.0,23751.07
1995,IN,0.0,23950.01
1996,IN,0.0,24166.67
1997,IN,0.0,23362.69
1998,IN,0.0,24069.95
1999,IN,0.0,24227.79
2000,IN,0.0,26441.0
2001,IN,0.0,26855.0
2002,IN,0.0,28499.0
2003,IN,0.0,28455.0
2004,IN,0.0,29709.0
2005,IN,0.0,30073.0
2006,IN,0.0,30054.0
2007,IN,0.0,30050.0
2008,IN,0.0,30133.0
2009,IN,0.0,30990.0
2010,IN,0.0,30928.0
2011,IN,0.0,30765.4
2012,IN,3.5,30095.3
2013,IN,49.2,30819.3
2014,IN,91.0,31074.2
2015,IN,129.5,29707.7
2016,IN,160.6,28556.3
2017,IN,196.8,28916.9
2018,IN,216.3,29682.5
2019,IN,245.1,29676.4
2020,IN,279.0,30314.6
2021,IN,607.4,29522.0
2022,IN,630.4,29563.2
1990,IA,0.0,9036.46
1991,IA,0.0,9150.02
1992,IA,0.0,9170.27
1993,IA,0.0,9298.78
1994,IA,0.0,9304.83
1995,IA,0.0,9232.1
1996,IA,0.0,9461.39
1997,IA,0.0,9242.27
1998,IA,0.0,9244.48
1999,IA,0.0,9496.6
2000,IA,0.0,9559.0
2001,IA,0.0,9790.0
2002,IA,0.0,9940.0
2003,IA,0.0,10691.0
2004,IA,0.0,11643.0
2005,IA,0.0,11898.0
2006,IA,0.0,12008.0
2007,IA,0.0,13389.0
2008,IA,0.0,14842.0
2009,IA,0.0,15809.0
2010,IA,0.0,15757.0
2011,IA,0.0,16470.1
2012,IA,0.0,17271.0
2013,IA,0.0,17170.3
2014,IA,0.0,17784.0
2015,IA,0.0,18307.3
2016,IA,2.6,18458.3
2017,IA,7.7,19029.1
2018,IA,9.2,20080.8
2019,IA,13.8,21649.3
2020,IA,18.4,22470.4
2021,IA,118.4,22904.0
2022,IA,261.9,23809.7
1990,KS,0.0,10843.36
1991,KS,0.0,10849.21
1992,KS,0.0,10644.71
1993,KS,0.0,10626.83
1994,KS,0.0,10587.43
1995,KS,0.0,10530.98
1996,KS,0.0,10541.75
1997,KS,0.0,10521.69
1998,KS,0.0,10623.73
1999,KS,0.0,10649.46
2000,KS,0.0,10788.0
2001,KS,0.0,11096.0
2002,KS,0.0,11210.0
2003,KS,0.0,11653.0
2004,KS,0.0,11746.0
2005,KS,0.0,11904.0
2006,KS,0.0,12056.0
2007,KS,0.0,12200.0
2008,KS,0.0,13037.0
2009,KS,0.0,13576.0
2010,KS,0.0,13600.0
2011,KS,0.0,13820.5
2012,KS,0.0,15112.4
2013,KS,0.0,15349.9
2014,KS,0.0,15333.0
2015,KS,1.0,15506.3
2016,KS,1.0,16526.4
2017,KS,4.0,17254.2
2018,KS,4.0,16784.6
2019,KS,10.0,17225.7
2020,KS,30.0,18162.0
2021,KS,30.0,19593.5
2022,KS,36.3,19622.4
1990,KY,0.0,17344.94
1991,KY,0.0,17367.54
1992,KY,0.0,17367.54
1993,KY,0.0,17367.54
1994,KY,0.0,17606.97
1995,KY,0.0,17582.92
1996,KY,0.0,17863.35
1997,KY,0.0,17731.75
1998,KY,0.0,17822.45
1999,KY,0.0,18564.42
2000,KY,0.0,18658.0
2001,KY,0.0,19972.0
2002,KY,0.0,22055.0
2003,KY,0.0,21981.0
2004,KY,0.0,22729.0
2005,KY,0.0,23455.0
2006,KY,0.0,23410.0
2007,KY,0.0,23351.0
2008,KY,0.0,23617.0
2009,KY,0.0,23970.0
2010,KY,0.0,24303.0
2011,KY,0.0,25142.5
2012,KY,0.0,25142.5
2013,KY,0.0,24986.8
2014,KY,0.0,24811.8
2015,KY,0.0,24017.0
2016,KY,10.0,24080.1
2017,KY,26.3,23924.3
2018,KY,26.3,23929.1
2019,KY,26.3,23217.1
2020,KY,29.3,20926.6
2021,KY,31.0,20896.8
2022,KY,81.4,20947.2
1990,LA,0.0,21128.16
1991,LA,0.0,21167.26
1992,LA,0.0,21048.79
1993,LA,0.0,21261.61
1994,LA,0.0,21277.91
1995,LA,0.0,21489.94
1996,LA,0.0,21672.42
1997,LA,0.0,22213.96
1998,LA,0.0,22229.5
1999,LA,0.0,22487.34
2000,LA,0.0,23714.0
2001,LA,0.0,24630.0
2002,LA,0.0,28832.0
2003,LA,0.0,29088.0
2004,LA,0.0,30033.0
2005,LA,0.0,29906.0
2006,LA,0.0,30108.0
2007,LA,0.0,30158.0
2008,LA,0.0,30153.0
2009,LA,0.0,30116.0
2010,LA,0.0,31169.0
2011,LA,0.0,30627.7
2012,LA,0.0,30566.2
2013,LA,0.0,30524.9
2014,LA,0.0,31148.7
2015,LA,0.0,30812.0
2016,LA,0.0,28351.8
2017,LA,1.1,27822.3
2018,LA,1.1,26955.4
2019,LA,1.1,27810.6
2020,LA,74.5,29280.8
2021,LA,74.5,28475.1
2022,LA,124.5,28525.1
1990,ME,0.0,3801.98
1991,ME,0.0,3823.65
1992,ME,0.0,3868.9
1993,ME,0.0,3892.35
1994,ME,0.0,3936.09
1995,ME,0.0,3895.85
1996,ME,0.0,3858.83
1997,ME,0.0,2932.35
1998,ME,0.0,2896.22
1999,ME,0.0,3013.32
2000,ME,0.0,4576.0
2001,ME,0.0,4568.0
2002,ME,0.0,4564.0
2003,ME,0.0,4571.0
2004,ME,0.0,4466.0
2005,ME,0.0,4466.0
2006,ME,0.0,4466.0
2007,ME,0.0,4522.0
2008,ME,0.0,4529.0
2009,ME,0.0,4658.0
2010,ME,0.0,4754.0
2011,ME,0.0,4688.9
2012,ME,0.0,4800.4
2013,ME,0.0,4800.1
2014,ME,0.0,4772.6
2015,ME,0.0,4911.4
2016,ME,0.0,5210.8
2017,ME,5.6,5218.6
2018,ME,5.6,5122.6
2019,ME,5.6,4983.9
2020,ME,64.9,5114.1
2021,ME,201.3,5265.8
2022,ME,297.8,5369.8
1990,MD,0.0,10838.54
1991,MD,0.0,11912.12
1992,MD,0.0,12075.12
1993,MD,0.0,11907.57
1994,MD,0.0,11915.42
1995,MD,0.0,12146.53
1996,MD,0.0,12436.45
1997,MD,0.0,12565.66
1998,MD,0.0,12435.2
1999,MD,0.0,12637.75
2000,MD,0.0,11286.0
2001,MD,0.0,12633.0
2002,MD,0.0,12653.0
2003,MD,0.0,13363.0
2004,MD,0.0,13382.0
2005,MD,0.0,13382.0
2006,MD,0.0,13383.0
2007,MD,0.0,13442.0
2008,MD,0.0,13548.0
2009,MD,0.0,13550.0
2010,MD,1.0,13611.0
2011,MD,4.4,13702.8
2012,MD,27.6,13521.2
2013,MD,62.3,13643.5
2014,MD,67.0,13582.3
2015,MD,90.5,13775.4
2016,MD,144.4,13707.3
2017,MD,174.7,14485.6
2018,MD,355.2,16337.0
2019,MD,322.5,16104.1
2020,MD,365.7,15185.3
2021,MD,410.7,14271.1
2022,MD,521.2,13079.4
1990,MA,0.0,10937.45
1991,MA,0.0,11172.14
1992,MA,0.0,11104.69
1993,MA,0.0,11325.93
1994,MA,0.0,11441.01
1995,MA,0.0,11556.75
1996,MA,0.0,11703.45
1997,MA,0.0,11838.32
1998,MA,0.0,10720.08
1999,MA,0.0,12384.85
2000,MA,0.0,13263.0
2001,MA,0.0,12970.0
2002,MA,0.0,13463.0
2003,MA,0.0,15697.0
2004,MA,0.0,15718.0
2005,MA,0.0,15740.0
2006,MA,0.0,15690.0
2007,MA,0.0,15299.0
2008,MA,0.0,15225.0
2009,MA,0.0,15358.0
2010,MA,5.0,15378.0
2011,MA,12.3,15384.3
2012,MA,41.8,15438.8
2013,MA,132.8,15197.1
2014,MA,290.6,14593.5
2015,MA,343.6,14658.8
2016,MA,483.6,14769.4
2017,MA,652.8,13412.2
2018,MA,744.9,14590.1
2019,MA,862.7,14607.0
2020,MA,986.8,14744.8
2021,MA,1193.7,14376.4
2022,MA,1271.7,14337.0
1990,MI,0.0,27149.94
1991,MI,0.0,26934.07
1992,MI,0.0,27105.51
1993,MI,0.0,27119.15
1994,MI,0.0,27041.93
1995,MI,0.0,27137.88
1996,MI,0.0,27884.53
1997,MI,0.0,27255.26
1998,MI,0.0,26908.27
1999,MI,0.0,27931.79
2000,MI,0.0,28215.0
2001,MI,0.0,29309.0
2002,MI,0.0,32056.0
2003,MI,0.0,33280.0
2004,MI,0.0,33370.0
2005,MI,0.0,33358.0
2006,MI,0.0,32979.0
2007,MI,0.0,33037.0
2008,MI,0.0,33164.0
2009,MI,0.0,33080.0
2010,MI,0.0,32992.0
2011,MI,0.0,33066.4
2012,MI,0.0,33564.5
2013,MI,0.0,33398.7
2014,MI,0.0,33528.8
2015,MI,2.0,33031.3
2016,MI,12.5,31883.5
2017,MI,73.0,32168.5
2018,MI,99.3,32038.1
2019,MI,103.1,31725.1
2020,MI,226.1,31998.3
2021,MI,354.4,32197.6
2022,MI,708.8,32645.3
1990,MN,0.0,9858.11
1991,MN,0.0,9893.62
1992,MN,0.0,9915.25
1993,MN,0.0,9842.8
1994,MN,0.0,9907.18
1995,MN,0.0,9907.87
1996,MN,0.0,10254.03
1997,MN,0.0,10625.9
1998,MN,0.0,10464.82
1999,MN,0.0,10609.9
2000,MN,0.0,10661.0
2001,MN,0.0,11620.0
2002,MN,0.0,12017.0
2003,MN,0.0,12146.0
2004,MN,0.0,12230.0
2005,MN,0.0,12957.0
2006,MN,0.0,13533.0
2007,MN,0.0,13984.0
2008,MN,0.0,15678.0
2009,MN,0.0,16259.0
2010,MN,0.0,16608.0
2011,MN,0.0,17169.3
2012,MN,0.0,17495.2
2013,MN,1.7,17480.7
2014,MN,1.7,17707.3
2015,MN,4.0,17401.9
2016,MN,256.2,17680.3
2017,MN,505.6,18103.8
2018,MN,741.5,18636.6
2019,MN,901.2,18958.7
2020,MN,1025.5,19533.0
2021,MN,1103.9,19933.6
2022,MN,1153.7,20122.0
1990,MS,0.0,7564.93
1991,MS,0.0,7577.85
1992,MS,0.0,7583.62
1993,MS,0.0,7585.22
1994,MS,0.0,7662.3
1995,MS,0.0,7667.18
1996,MS,0.0,7692.9
1997,MS,0.0,7788.8
1998,MS,0.0,7794.42
1999,MS,0.0,8837.34
2000,MS,0.0,9661.0
2001,MS,0.0,12001.0
2002,MS,0.0,14924.0
2003,MS,0.0,18600.0
2004,MS,0.0,18376.0
2005,MS,0.0,18553.0
2006,MS,0.0,18541.0
2007,MS,0.0,18184.0
2008,MS,0.0,17826.0
2009,MS,0.0,17769.0
2010,MS,0.0,17606.0
2011,MS,0.0,17507.3
2012,MS,0.0,17541.7
2013,MS,0.0,17535.7
2014,MS,0.0,18353.4
2015,MS,0.0,18165.8
2016,MS,3.1,18073.9
2017,MS,160.6,17804.2
2018,MS,160.6,16375.1
2019,MS,218.1,16183.9
2020,MS,218.1,16261.4
2021,MS,219.3,16262.6
2022,MS,319.3,16365.8
1990,MO,0.0,16783.59
1991,MO,0.0,16779.92
1992,MO,0.0,16925.64
1993,MO,0.0,16962.19
1994,MO,0.0,16962.09
1995,MO,0.0,17190.86
1996,MO,0.0,17363.71
1997,MO,0.0,17595.03
1998,MO,0.0,17572.5
1999,MO,0.0,18158.52
2000,MO,0.0,18556.0
2001,MO,0.0,20534.0
2002,MO,0.0,21563.0
2003,MO,0.0,21623.0
2004,MO,0.0,21689.0
2005,MO,0.0,22075.0
2006,MO,0.0,22109.0
2007,MO,0.0,22195.0
2008,MO,0.0,22320.0
2009,MO,0.0,22460.0
2010,MO,0.0,23499.0
2011,MO,0.0,23763.6
2012,MO,0.0,23949.3
2013,MO,0.0,23908.9
2014,MO,7.7,23871.3
2015,MO,11.5,23837.0
2016,MO,25.7,23758.3
2017,MO,48.6,23882.7
2018,MO,62.1,23124.1
2019,MO,62.1,23090.8
2020,MO,63.7,23705.1
2021,MO,76.0,24045.6
2022,MO,90.9,23019.5
1990,MT,0.0,4999.63
1991,MT,0.0,5030.9
1992,MT,0.0,5065.95
1993,MT,0.0,5065.95
1994,MT,0.0,5107.78
1995,MT,0.0,5225.38
1996,MT,0.0,5225.63
1997,MT,0.0,5213.08
1998,MT,0.0,5213.08
1999,MT,0.0,5865.28
2000,MT,0.0,5083.0
2001,MT,0.0,5165.0
2002,MT,0.0,5166.0
2003,MT,0.0,5209.0
2004,MT,0.0,5215.0
2005,MT,0.0,5362.0
2006,MT,0.0,5588.0
2007,MT,0.0,5658.0
2008,MT,0.0,5756.0
2009,MT,0.0,5904.0
2010,MT,0.0,5992.0
2011,MT,0.0,6160.4
2012,MT,0.0,6483.7
2013,MT,0.0,6563.2
2014,MT,0.0,6582.4
2015,MT,0.0,6367.0
2016,MT,0.0,6446.7
2017,MT,17.0,6470.3
2018,MT,17.0,6700.0
2019,MT,17.0,6705.7
2020,MT,17.0,6021.0
2021,MT,17.0,6232.9
2022,MT,17.0,6607.3
1990,NE,0.0,5888.04
1991,NE,0.0,5748.39
1992,NE,0.0,5771.53
1993,NE,0.0,5786.6
1994,NE,0.0,5786.78
1995,NE,0.0,5787.87
1996,NE,0.0,5890.73
1997,NE,0.0,5993.02
1998,NE,0.0,6021.14
1999,NE,0.0,6027.2
2000,NE,0.0,6146.0
2001,NE,0.0,6266.0
2002,NE,0.0,6279.0
2003,NE,0.0,7012.0
2004,NE,0.0,7126.0
2005,NE,0.0,7493.0
2006,NE,0.0,7497.0
2007,NE,0.0,7422.0
2008,NE,0.0,7421.0
2009,NE,0.0,8247.0
2010,NE,0.0,8380.0
2011,NE,0.0,8753.7
2012,NE,0.0,8875.6
2013,NE,0.0,8926.4
2014,NE,0.0,9212.7
2015,NE,0.0,9286.1
2016,NE,6.3,9054.5
2017,NE,15.6,9077.4
2018,NE,17.9,9504.8
2019,NE,24.4,9984.5
2020,NE,28.8,10387.9
2021,NE,33.2,10780.9
2022,NE,41.7,11353.1
1990,NV,0.0,5293.95
1991,NV,0.0,5637.27
1992,NV,0.0,5914.6
1993,NV,0.0,6033.71
1994,NV,0.0,6548.52
1995,NV,0.0,6636.9
1996,NV,0.0,6737.95
1997,NV,0.0,6746.15
1998,NV,0.0,6744.65
1999,NV,0.0,7098.55
2000,NV,0.0,7072.0
2001,NV,0.0,7464.0
2002,NV,0.0,7494.0
2003,NV,0.0,8392.0
2004,NV,0.0,9840.0
2005,NV,0.0,9841.0
2006,NV,0.0,11100.0
2007,NV,79.0,11526.0
2008,NV,89.0,13024.0
2009,NV,101.0,13160.0
2010,NV,149.0,13177.0
2011,NV,148.7,13516.6
2012,NV,336.7,12309.4
2013,NV,370.0,12383.7
2014,NV,617.5,12184.2
2015,NV,978.9,12621.1
2016,NV,1902.8,13557.2
2017,NV,2192.4,13347.4
2018,NV,1926.0,13135.4
2019,NV,2357.1,13593.8
2020,NV,2517.9,13755.2
2021,NV,3150.6,14537.7
2022,NV,3460.5,14959.5
1990,NH,0.0,2887.02
1991,NH,0.0,2892.94
1992,NH,0.0,2882.84
1993,NH,0.0,2885.12
1994,NH,0.0,2880.4
1995,NH,0.0,2873.18
1996,NH,0.0,2883.24
1997,NH,0.0,2928.52
1998,NH,0.0,2994.74
1999,NH,0.0,2996.13
2000,NH,0.0,3007.0
2001,NH,0.0,3014.0
2002,NH,0.0,3620.0
2003,NH,0.0,4530.0
2004,NH,0.0,4553.0
2005,NH,0.0,4553.0
2006,NH,0.0,4553.0
2007,NH,0.0,4494.0
2008,NH,0.0,4518.0
2009,NH,0.0,4513.0
2010,NH,0.0,4501.0
2011,NH,0.0,4489.7
2012,NH,0.0,4644.5
2013,NH,0.0,4737.4
2014,NH,0.0,4625.5
2015,NH,0.0,4602.0
2016,NH,0.0,4612.7
2017,NH,0.0,4700.5
2018,NH,0.0,4698.6
2019,NH,0.0,4727.4
2020,NH,2.4,4729.8
2021,NH,2.4,4713.8
2022,NH,2.4,4713.8
1990,NJ,0.0,15814.58
1991,NJ,0.0,15952.88
1992,NJ,0.0,16840.23
1993,NJ,0.0,17526.0
1994,NJ,0.0,17752.22
1995,NJ,0.0,18258.69
1996,NJ,0.0,18071.22
1997,NJ,0.0,18025.87
1998,NJ,0.0,17898.68
1999,NJ,0.0,17874.4
2000,NJ,0.0,18452.0
2001,NJ,0.0,17729.0
2002,NJ,0.0,20235.0
2003,NJ,0.0,20481.0
2004,NJ,0.0,19876.0
2005,NJ,0.0,19401.0
2006,NJ,0.0,20511.0
2007,NJ,2.0,20154.0
2008,NJ,4.0,20136.0
2009,NJ,13.0,20082.0
2010,NJ,28.0,20038.0
2011,NJ,146.6,19693.2
2012,NJ,230.6,20742.5
2013,NJ,332.1,20830.2
2014,NJ,392.4,21031.0
2015,NJ,444.4,20551.2
2016,NJ,613.9,20737.8
2017,NJ,671.2,19499.2
2018,NJ,771.9,19203.2
2019,NJ,857.2,18985.1
2020,NJ,949.5,19068.0
2021,NJ,1022.6,19058.3
2022,NJ,1067.9,18161.5
1990,NM,0.0,5651.54
1991,NM,0.0,5630.2
1992,NM,0.0,5650.52
1993,NM,0.0,5695.92
1994,NM,0.0,5714.73
1995,NM,0.0,5713.23
1996,NM,0.0,5780.16
1997,NM,0.0,5886.5
1998,NM,0.0,5981.9
1999,NM,0.0,5984.3
2000,NM,0.0,6067.0
2001,NM,0.0,6197.0
2002,NM,0.0,6527.0
2003,NM,0.0,6923.0
2004,NM,0.0,6963.0
2005,NM,0.0,7094.0
2006,NM,0.0,7826.0
2007,NM,0.0,7934.0
2008,NM,0.0,8794.0
2009,NM,0.0,8893.0
2010,NM,30.0,9015.0
2011,NM,129.5,9145.4
2012,NM,160.8,9185.2
2013,NM,190.5,8711.3
2014,NM,250.7,8813.0
2015,NM,312.2,9160.8
2016,NM,472.2,9259.8
2017,NM,517.2,9001.5
2018,NM,562.2,9131.0
2019,NM,674.7,9462.2
2020,NM,736.8,9784.4
2021,NM,740.9,11496.5
2022,NM,857.9,10847.5
1990,NY,0.0,34571.0
1991,NY,0.0,35044.66
1992,NY,0.0,36060.73
1993,NY,0.0,36040.36
1994,NY,0.0,38573.03
1995,NY,0.0,38519.67
1996,NY,0.0,38752.69
1997,NY,0.0,38426.67
1998,NY,0.0,38299.88
1999,NY,0.0,36365.69
2000,NY,0.0,38092.0
2001,NY,0.0,38934.0
2002,NY,0.0,39482.0
2003,NY,0.0,40007.0
2004,NY,0.0,41159.0
2005,NY,0.0,42826.0
2006,NY,0.0,43134.0
2007,NY,0.0,42769.0
2008,NY,0.0,42248.0
2009,NY,0.0,43104.0
2010,NY,0.0,42842.0
2011,NY,31.5,43656.4
2012,NY,31.5,43418.4
2013,NY,46.2,43374.7
2014,NY,53.2,43506.8
2015,NY,81.1,43539.4
2016,NY,110.3,43255.4
2017,NY,161.2,43297.8
2018,NY,268.6,44236.9
2019,NY,485.1,44147.0
2020,NY,673.7,43568.6
2021,NY,927.2,42954.5
2022,NY,1379.6,42585.8
1990,NC,0.0,22075.43
1991,NC,0.0,22119.61
1992,NC,0.0,22174.88
1993,NC,0.0,22171.74
1994,NC,0.0,22309.36
1995,NC,0.0,23474.65
1996,NC,0.0,23918.02
1997,NC,0.0,23866.17
1998,NC,0.0,23949.24
1999,NC,0.0,24128.53
2000,NC,0.0,25986.0
2001,NC,0.0,27780.0
2002,NC,0.0,28538.0
2003,NC,0.0,29342.0
2004,NC,0.0,29023.0
2005,NC,0.0,29013.0
2006,NC,0.0,29022.0
2007,NC,0.0,29654.0
2008,NC,3.0,29647.0
2009,NC,3.0,30103.0
2010,NC,48.0,30197.0
2011,NC,59.4,31202.1
2012,NC,116.5,33196.3
2013,NC,336.4,32588.8
2014,NC,681.4,33002.7
2015,NC,1443.9,34135.6
2016,NC,2431.4,35309.2
2017,NC,3346.7,36030.5
2018,NC,4007.9,37189.8
2019,NC,4519.6,38039.4
2020,NC,5039.1,38439.6
2021,NC,5749.1,38224.5
2022,NC,6074.4,38555.7
1990,ND,0.0,4707.3
1991,ND,0.0,4702.84
1992,ND,0.0,4621.3
1993,ND,0.0,4637.4
1994,ND,0.0,4646.73
1995,ND,0.0,4644.22
1996,ND,0.0,4692.4
1997,ND,0.0,4949.6
1998,ND,0.0,4678.48
1999,ND,0.0,4888.66
2000,ND,0.0,4892.0
2001,ND,0.0,4882.0
2002,ND,0.0,4866.0
2003,ND,0.0,4989.0
2004,ND,0.0,5029.0
2005,ND,0.0,5060.0
2006,ND,0.0,5129.0
2007,ND,0.0,5346.0
2008,ND,0.0,5804.0
2009,ND,0.0,6297.0
2010,ND,0.0,6518.0
2011,ND,0.0,6518.7
2012,ND,0.0,6745.6
2013,ND,0.0,6872.4
2014,ND,0.0,7187.6
2015,ND,0.0,7771.1
2016,ND,0.0,8334.6
2017,ND,0.0,8631.6
2018,ND,0.0,8863.0
2019,ND,0.0,9139.1
2020,ND,0.0,9638.5
2021,ND,0.0,9997.8
2022,ND,0.0,9875.2
1990,OH,0.0,29236.16
1991,OH,0.0,30078.74
1992,OH,0.0,29696.7
1993,OH,0.0,29784.56
1994,OH,0.0,29983.06
1995,OH,0.0,29889.17
1996,OH,0.0,29761.59
1997,OH,0.0,28935.81
1998,OH,0.0,29307.5
1999,OH,0.0,29468.2
2000,OH,0.0,30512.0
2001,OH,0.0,31969.0
2002,OH,0.0,34208.0
2003,OH,0.0,36900.0
2004,OH,0.0,36976.0
2005,OH,0.0,36725.0
2006,OH,0.0,36688.0
2007,OH,0.0,36707.0
2008,OH,0.0,36442.0
2009,OH,0.0,36462.0
2010,OH,13.0,36018.0
2011,OH,22.9,36305.2
2012,OH,28.7,36026.5
2013,OH,32.5,35657.8
2014,OH,36.7,34534.7
2015,OH,44.0,31559.3
2016,OH,48.8,31607.2
2017,OH,70.7,33221.3
2018,OH,84.8,32294.0
2019,OH,110.2,31405.1
2020,OH,112.8,29914.0
2021,OH,481.3,32151.2
2022,OH,482.7,30100.2
1990,OK,0.0,14466.86
1991,OK,0.0,14530.08
1992,OK,0.0,14558.43
1993,OK,0.0,14549.54
1994,OK,0.0,14583.2
1995,OK,0.0,14618.66
1996,OK,0.0,14689.86
1997,OK,0.0,14336.31
1998,OK,0.0,14286.26
1999,OK,0.0,14608.46
2000,OK,0.0,14915.0
2001,OK,0.0,16063.0
2002,OK,0.0,17589.0
2003,OK,0.0,19833.0
2004,OK,0.0,21197.0
2005,OK,0.0,21511.0
2006,OK,0.0,21841.0
2007,OK,0.0,21901.0
2008,OK,0.0,22266.0
2009,OK,0.0,22892.0
2010,OK,0.0,23063.0
2011,OK,0.0,24050.6
2012,OK,0.0,25208.9
2013,OK,0.0,25219.3
2014,OK,0.0,25871.9
2015,OK,2.5,27110.6
2016,OK,2.5,28318.4
2017,OK,20.5,29231.3
2018,OK,30.5,30405.2
2019,OK,30.5,30452.2
2020,OK,40.5,31098.6
2021,OK,42.5,32190.0
2022,OK,47.5,33321.2
1990,OR,0.0,10937.56
1991,OR,0.0,10932.26
1992,OR,0.0,10953.99
1993,OR,0.0,9720.34
1994,OR,0.0,9752.09
1995,OR,0.0,10192.16
1996,OR,0.0,10891.74
1997,OR,0.0,10903.32
1998,OR,0.0,10804.05
1999,OR,0.0,10630.7
2000,OR,0.0,10673.0
2001,OR,0.0,11370.0
2002,OR,0.0,12274.0
2003,OR,0.0,12747.0
2004,OR,0.0,12621.0
2005,OR,0.0,12740.0
2006,OR,0.0,12859.0
2007,OR,0.0,13802.0
2008,OR,0.0,13910.0
2009,OR,0.0,14524.0
2010,OR,0.0,14790.0
2011,OR,2.6,15014.1
2012,OR,10.7,16097.5
2013,OR,10.7,16172.4
2014,OR,13.9,16524.2
2015,OR,18.9,16548.4
2016,OR,99.9,17078.9
2017,OR,204.5,17239.8
2018,OR,312.8,17349.3
2019,OR,400.7,17659.1
2020,OR,574.4,17531.8
2021,OR,718.8,17686.7
2022,OR,786.4,17974.7
1990,PA,0.0,38948.91
1991,PA,0.0,39095.62
1992,PA,0.0,39324.51
1993,PA,0.0,39477.51
1994,PA,0.0,39757.65
1995,PA,0.0,39859.39
1996,PA,0.0,39866.69
1997,PA,0.0,39941.0
1998,PA,0.0,39821.19
1999,PA,0.0,40039.68
2000,PA,0.0,39941.0
2001,PA,0.0,41118.0
2002,PA,0.0,43534.0
2003,PA,0.0,46629.0
2004,PA,0.0,49614.0
2005,PA,0.0,49399.0
2006,PA,0.0,49340.0
2007,PA,0.0,49176.0
2008,PA,3.0,49374.0
2009,PA,4.0,49787.0
2010,PA,17.0,49650.0
2011,PA,25.0,49924.7
2012,PA,43.4,49699.8
2013,PA,47.2,47484.6
2014,PA,48.5,46974.6
2015,PA,48.5,46258.2
2016,PA,54.2,48225.9
2017,PA,55.2,48254.6
2018,PA,59.7,53322.1
2019,PA,82.8,52137.5
2020,PA,150.8,53163.6
2021,PA,156.8,54002.9
2022,PA,177.9,53085.2
1990,RI,0.0,619.32
1991,RI,0.0,878.76
1992,RI,0.0,772.03
1993,RI,0.0,773.98
1994,RI,0.0,776.48
1995,RI,0.0,1132.45
1996,RI,0.0,1131.71
1997,RI,0.0,1133.41
1998,RI,0.0,1118.55
1999,RI,0.0,1117.49
2000,RI,0.0,1385.0
2001,RI,0.0,1387.0
2002,RI,0.0,1985.0
2003,RI,0.0,2011.0
2004,RI,0.0,2016.0
2005,RI,0.0,2022.0
2006,RI,0.0,2024.0
2007,RI,0.0,2022.0
2008,RI,0.0,2020.0
2009,RI,0.0,2020.0
2010,RI,0.0,2022.0
2011,RI,0.0,2018.5
2012,RI,0.0,2019.2
2013,RI,6.9,2041.9
2014,RI,6.9,2046.4
2015,RI,10.2,2051.7
2016,RI,10.2,2093.9
2017,RI,18.7,2123.8
2018,RI,31.6,2141.4
2019,RI,79.5,2210.3
2020,RI,178.5,2309.3
2021,RI,230.9,2297.4
2022,RI,258.9,2328.4
1990,SC,0.0,16720.72
1991,SC,0.0,17962.62
1992,SC,0.0,17968.92
1993,SC,0.0,17831.67
1994,SC,0.0,18448.65
1995,SC,0.0,18443.12
1996,SC,0.0,18845.38
1997,SC,0.0,19220.83
1998,SC,0.0,19254.58
1999,SC,0.0,19332.03
2000,SC,0.0,19925.0
2001,SC,0.0,20914.0
2002,SC,0.0,21761.0
2003,SC,0.0,22258.0
2004,SC,0.0,24117.0
2005,SC,0.0,24155.0
2006,SC,0.0,24500.0
2007,SC,0.0,25078.0
2008,SC,0.0,25698.0
2009,SC,0.0,25790.0
2010,SC,0.0,25878.0
2011,SC,0.0,25955.4
2012,SC,0.0,24872.5
2013,SC,2.5,24938.8
2014,SC,2.5,24762.8
2015,SC,2.5,24586.3
2016,SC,19.3,24738.1
2017,SC,255.6,24911.8
2018,SC,353.0,25740.0
2019,SC,658.0,26068.2
2020,SC,1098.8,26075.6
2021,SC,1138.9,26210.4
2022,SC,1341.4,26231.1
1990,SD,0.0,2710.59
1991,SD,0.0,2736.12
1992,SD,0.0,2754.05
1993,SD,0.0,2736.55
1994,SD,0.0,2972.88
1995,SD,0.0,2970.44
1996,SD,0.0,2979.04
1997,SD,0.0,2973.66
1998,SD,0.0,2972.86
1999,SD,0.0,2972.86
2000,SD,0.0,2997.0
2001,SD,0.0,2980.0
2002,SD,0.0,3019.0
2003,SD,0.0,2852.0
2004,SD,0.0,2840.0
2005,SD,0.0,3035.0
2006,SD,0.0,3129.0
2007,SD,0.0,3127.0
2008,SD,0.0,3374.0
2009,SD,0.0,3500.0
2010,SD,0.0,3809.0
2011,SD,0.0,3960.8
2012,SD,0.0,4299.3
2013,SD,0.0,4381.5
2014,SD,0.0,4217.5
2015,SD,0.0,4395.3
2016,SD,1.0,4672.6
2017,SD,1.0,4672.6
2018,SD,1.0,4431.1
2019,SD,1.0,4979.5
2020,SD,1.0,5712.4
2021,SD,1.0,6701.5
2022,SD,1.0,6755.5
1990,TN,0.0,18628.59
1991,TN,0.0,18630.69
1992,TN,0.0,18671.36
1993,TN,0.0,18671.86
1994,TN,0.0,18725.18
1995,TN,0.0,18665.43
1996,TN,0.0,19936.53
1997,TN,0.0,20167.79
1998,TN,0.0,20207.89
1999,TN,0.0,20798.39
2000,TN,0.0,21989.0
2001,TN,0.0,22647.0
2002,TN,0.0,23021.0
2003,TN,0.0,23036.0
2004,TN,0.0,23063.0
2005,TN,0.0,22969.0
2006,TN,0.0,23006.0
2007,TN,0.0,22962.0
2008,TN,0.0,22997.0
2009,TN,0.0,23207.0
2010,TN,0.0,23847.0
2011,TN,0.0,23584.6
2012,TN,14.8,24214.3
2013,TN,15.9,24218.4
2014,TN,47.5,23845.8
2015,TN,47.5,22842.8
2016,TN,72.6,24122.6
2017,TN,91.6,23647.9
2018,TN,180.6,23940.3
2019,TN,183.5,23987.1
2020,TN,185.2,23988.8
2021,TN,194.0,23997.6
2022,TN,362.7,24161.5
1990,TX,0.3,74132.08
1991,TX,0.3,74310.9
1992,TX,0.3,75021.66
1993,TX,0.3,76615.9
1994,TX,0.3,77497.12
1995,TX,0.3,77468.52
1996,TX,0.3,78070.41
1997,TX,1.3,77293.91
1998,TX,1.3,78400.92
1999,TX,1.3,80025.95
2000,TX,1.0,86948.0
2001,TX,1.0,94440.0
2002,TX,1.0,101703.0
2003,TX,0.0,108367.0
2004,TX,0.0,109580.0
2005,TX,0.0,109956.0
2006,TX,0.0,109666.0
2007,TX,0.0,111098.0
2008,TX,0.0,113688.0
2009,TX,0.0,111848.0
2010,TX,14.0,117734.0
2011,TX,43.9,118834.5
2012,TX,75.9,119312.0
2013,TX,126.6,119241.3
2014,TX,186.6,122727.3
2015,TX,318.8,127016.9
2016,TX,584.8,128675.5
2017,TX,1234.5,133948.2
2018,TX,1943.1,132654.8
2019,TX,2444.2,135433.2
2020,TX,4879.5,138893.5
2021,TX,8837.7,149988.9
2022,TX,11372.6,159405.6
1990,UT,0.0,5330.89
1991,UT,0.0,5320.51
1992,UT,0.0,5341.41
1993,UT,0.0,5415.04
1994,UT,0.0,5273.96
1995,UT,0.0,5276.37
1996,UT,0.0,5271.93
1997,UT,0.0,5267.01
1998,UT,0.0,5447.19
1999,UT,0.0,5487.14
2000,UT,0.0,5476.0
2001,UT,0.0,5567.0
2002,UT,0.0,6182.0
2003,UT,0.0,6252.0
2004,UT,0.0,6491.0
2005,UT,0.0,6862.0
2006,UT,0.0,7075.0
2007,UT,0.0,7521.0
2008,UT,0.0,7555.0
2009,UT,0.0,7803.0
2010,UT,0.0,7860.0
2011,UT,0.0,7971.8
2012,UT,1.3,8037.9
2013,UT,1.3,8076.5
2014,UT,1.3,9181.6
2015,UT,166.4,9148.1
2016,UT,855.8,9798.3
2017,UT,857.1,9811.0
2018,UT,859.1,9830.4
2019,UT,916.7,9812.0
2020,UT,1195.7,10082.7
2021,UT,1457.2,10334.3
2022,UT,1542.7,10444.0
1990,VT,0.0,1157.16
1991,VT,0.0,1169.38
1992,VT,0.0,1204.24
1993,VT,0.0,1211.74
1994,VT,0.0,1206.2
1995,VT,0.0,1209.77
1996,VT,0.0,1211.27
1997,VT,0.0,1207.09
1998,VT,0.0,1098.17
1999,VT,0.0,1094.67
2000,VT,0.0,1098.0
2001,VT,0.0,1089.0
2002,VT,0.0,1087.0
2003,VT,0.0,1094.0
2004,VT,0.0,1094.0
2005,VT,0.0,1094.0
2006,VT,0.0,1095.0
2007,VT,0.0,1090.0
2008,VT,0.0,1108.0
2009,VT,0.0,1108.0
2010,VT,0.0,1108.0
2011,VT,2.2,1151.7
2012,VT,8.0,1232.5
2013,VT,12.3,1236.8
2014,VT,30.3,687.4
2015,VT,32.5,699.8
2016,VT,66.0,734.9
2017,VT,74.3,772.5
2018,VT,100.6,807.8
2019,VT,121.6,883.9
2020,VT,123.8,877.4
2021,VT,133.8,883.4
2022,VT,139.3,888.9
1990,VA,0.06,16154.8
1991,VA,0.06,16644.28
1992,VA,0.06,18095.43
1993,VA,0.06,18465.5
1994,VA,0.06,18646.94
1995,VA,0.06,19111.2
1996,VA,0.06,19857.92
1997,VA,0.06,20216.9
1998,VA,0.06,20063.96
1999,VA,0.06,20040.78
2000,VA,0.0,20854.0
2001,VA,0.0,22047.0
2002,VA,0.0,21919.0
2003,VA,0.0,23041.0
2004,VA,0.0,24497.0
2005,VA,0.0,24431.0
2006,VA,0.0,24415.0
2007,VA,0.0,25270.0
2008,VA,0.0,25642.0
2009,VA,0.0,25833.0
2010,VA,0.0,25912.0
2011,VA,0.0,26381.5
2012,VA,0.0,26544.4
2013,VA,0.0,26570.1
2014,VA,0.0,28043.4
2015,VA,0.0,26845.9
2016,VA,139.0,28350.4
2017,VA,406.0,29427.7
2018,VA,462.0,31626.3
2019,VA,625.6,29886.1
2020,VA,1301.0,29677.8
2021,VA,2203.1,30218.7
2022,VA,2848.7,30856.5
1990,WA,0.0,23781.09
1991,WA,0.0,24097.52
1992,WA,0.0,24121.31
1993,WA,0.0,24514.28
1994,WA,0.0,24927.7
1995,WA,0.0,24995.15
1996,WA,0.0,24939.7
1997,WA,0.0,25692.89
1998,WA,0.0,25725.12
1999,WA,0.0,25740.35
2000,WA,0.0,25719.0
2001,WA,0.0,26211.0
2002,WA,0.0,26798.0
2003,WA,0.0,27522.0
2004,WA,0.0,27776.0
2005,WA,0.0,28011.0
2006,WA,0.0,28351.0
2007,WA,1.0,28720.0
2008,WA,1.0,29912.0
2009,WA,1.0,30629.0
2010,WA,1.0,31063.0
2011,WA,0.5,31166.9
2012,WA,0.5,31590.5
2013,WA,0.5,31285.5
2014,WA,0.5,31659.5
2015,WA,0.5,31744.4
2016,WA,0.5,31792.8
2017,WA,0.5,31799.9
2018,WA,19.7,31880.4
2019,WA,19.7,31794.4
2020,WA,23.4,31510.7
2021,WA,23.4,31462.3
2022,WA,188.4,31629.6
1990,WV,0.0,15593.16
1991,WV,0.0,15755.62
1992,WV,0.0,15791.84
1993,WV,0.0,15791.84
1994,WV,0.0,15859.24
1995,WV,0.0,15708.7
1996,WV,0.0,15712.66
1997,WV,0.0,15752.26
1998,WV,0.0,15761.7
1999,WV,0.0,15761.7
2000,WV,0.0,15762.0
2001,WV,0.0,16574.0
2002,WV,0.0,16984.0
2003,WV,0.0,16972.0
2004,WV,0.0,17274.0
2005,WV,0.0,17354.0
2006,WV,0.0,17346.0
2007,WV,0.0,16986.0
2008,WV,0.0,17250.0
2009,WV,0.0,17250.0
2010,WV,0.0,17350.0
2011,WV,0.0,18302.0
2012,WV,0.0,17182.2
2013,WV,0.0,17142.6
2014,WV,0.0,17138.6
2015,WV,0.0,15846.4
2016,WV,0.0,15991.2
2017,WV,0.0,15552.0
2018,WV,0.0,15528.5
2019,WV,0.0,15531.7
2020,WV,0.0,15587.9
2021,WV,0.0,15584.4
2022,WV,0.0,15699.4
1990,WI,0.0,11549.55
1991,WI,0.0,11412.29
1992,WI,0.0,11436.71
1993,WI,0.0,11736.0
1994,WI,0.0,12195.8
1995,WI,0.0,12465.65
1996,WI,0.0,12611.44
1997,WI,0.0,12750.04
1998,WI,0.0,13131.3
1999,WI,0.0,13204.84
2000,WI,0.0,13765.0
2001,WI,0.0,14503.0
2002,WI,0.0,14639.0
2003,WI,0.0,14661.0
2004,WI,0.0,15143.0
2005,WI,0.0,16762.0
2006,WI,0.0,16949.0
2007,WI,0.0,16976.0
2008,WI,0.0,18472.0
2009,WI,0.0,18560.0
2010,WI,0.0,19050.0
2011,WI,0.0,20029.6
2012,WI,0.0,20137.4
2013,WI,0.0,19571.1
2014,WI,1.0,19596.6
2015,WI,1.0,19081.9
2016,WI,3.1,19083.7
2017,WI,18.4,19163.6
2018,WI,23.9,17392.0
2019,WI,40.4,17325.9
2020,WI,208.2,17988.5
2021,WI,502.5,17865.8
2022,WI,773.7,18136.5
1990,WY,0.0,6287.14
1991,WY,0.0,6281.49
1992,WY,0.0,6308.14
1993,WY,0.0,6308.34
1994,WY,0.0,6304.34
1995,WY,0.0,6385.94
1996,WY,0.0,6361.19
1997,WY,0.0,6481.39
1998,WY,0.0,6389.22
1999,WY,0.0,6388.29
2000,WY,0.0,6532.0
2001,WY,0.0,6673.0
2002,WY,0.0,6743.0
2003,WY,0.0,6970.0
2004,WY,0.0,6970.0
2005,WY,0.0,7087.0
2006,WY,0.0,7087.0
2007,WY,0.0,7036.0
2008,WY,0.0,7524.0
2009,WY,0.0,7948.0
2010,WY,0.0,8379.0
2011,WY,0.0,8829.1
2012,WY,0.0,8834.2
2013,WY,0.0,8927.9
2014,WY,0.0,9406.1
2015,WY,0.0,9425.9
2016,WY,0.0,9480.2
2017,WY,0.0,9480.2
2018,WY,92.0,9609.1
2019,WY,92.0,9709.1
2020,WY,92.0,10728.1
2021,WY,92.0,11395.3
2022,WY,92.0,11391.4
